Quantity,UnitPrice,ItemsInCart,RevenuePerItem,OrderYear,DiscountApplied
5.0,570.62,7.0,570.62,2023,Yes
2.0,151.35,3.0,151.35,2024,Yes
5.0,550.68,8.0,550.6800000000001,2024,Yes
1.0,273.19,5.0,273.19,2023,Yes
4.0,626.01,8.0,626.01,2025,Yes
2.0,245.86,4.0,245.86,2023,Yes
1.0,664.42,6.0,664.42,2025,Yes
5.0,149.55,9.0,149.55,2023,Yes
2.0,134.28,2.0,134.28,2025,Yes
4.0,509.38,6.0,509.38,2023,Yes
5.0,625.97,9.0,625.97,2023,Yes
3.0,49.14,7.0,49.13999999999999,2024,Yes
2.0,180.5,6.0,180.5,2024,Yes
3.0,201.49,4.0,201.49,2023,Yes
2.0,393.33,3.0,393.33,2023,Yes
1.0,473.96,3.0,473.96,2023,Yes
2.0,533.81,3.0,533.81,2023,Yes
1.0,423.4,3.0,423.4,2024,Yes
1.0,431.44,3.0,431.44,2025,Yes
5.0,224.0,9.0,224.0,2023,Yes
5.0,62.51,9.0,62.510000000000005,2023,Yes
4.0,342.95,6.0,342.95,2024,Yes
2.0,49.62,2.0,49.62,2023,Yes
4.0,273.25,5.0,273.25,2025,Yes
2.0,230.95,3.0,230.95,2024,Yes
1.0,399.98,3.0,399.98,2024,Yes
5.0,59.55,6.0,59.55,2024,Yes
1.0,472.74,6.0,472.74,2024,Yes
4.0,160.07,5.0,160.07,2023,Yes
3.0,423.53,6.0,423.53,2024,Yes
2.0,426.7,5.0,426.7,2025,Yes
3.0,500.08,6.0,500.08,2023,Yes
5.0,536.72,10.0,536.72,2023,Yes
1.0,162.77,4.0,162.77,2023,Yes
4.0,576.52,5.0,576.52,2023,Yes
2.0,465.15,2.0,465.15,2024,Yes
2.0,534.43,5.0,534.43,2025,Yes
2.0,76.74,7.0,76.74,2024,Yes
1.0,245.89,3.0,245.89,2024,Yes
3.0,256.46,4.0,256.46,2025,Yes
2.0,344.02,4.0,344.02,2023,Yes
3.0,611.45,4.0,611.4499999999999,2023,Yes
2.0,151.66,6.0,151.66,2024,Yes
3.0,499.21,8.0,499.21000000000004,2023,Yes
2.0,550.18,3.0,550.18,2025,Yes
1.0,317.25,1.0,317.25,2024,Yes
4.0,550.14,4.0,550.14,2024,Yes
2.0,209.94,3.0,209.94,2023,Yes
2.0,80.77,4.0,80.77,2023,Yes
1.0,30.44,1.0,30.44,2023,Yes
1.0,179.22,6.0,179.22,2023,Yes
1.0,388.33,2.0,388.33,2024,Yes
1.0,586.44,5.0,586.44,2024,Yes
4.0,488.78,5.0,488.78,2024,Yes
1.0,280.25,5.0,280.25,2025,Yes
3.0,344.4,3.0,344.40000000000003,2025,Yes
3.0,479.21,5.0,479.21000000000004,2023,Yes
5.0,314.27,6.0,314.27,2023,Yes
4.0,474.69,6.0,474.69,2023,Yes
4.0,593.27,5.0,593.27,2024,Yes
1.0,417.1,3.0,417.1,2024,Yes
4.0,122.2,7.0,122.2,2024,Yes
2.0,43.15,3.0,43.15,2023,Yes
1.0,564.86,6.0,564.86,2025,Yes
3.0,130.61,4.0,130.60999999999999,2025,Yes
5.0,81.7,6.0,81.7,2023,Yes
5.0,127.18,9.0,127.17999999999999,2024,Yes
4.0,12.1,8.0,12.1,2024,Yes
3.0,490.92,5.0,490.92,2023,Yes
3.0,478.65,4.0,478.65000000000003,2023,Yes
1.0,629.21,2.0,629.21,2023,Yes
3.0,434.45,4.0,434.45,2025,Yes
4.0,589.44,5.0,589.44,2024,Yes
4.0,433.45,4.0,433.45,2023,Yes
5.0,90.87,5.0,90.87,2023,Yes
3.0,398.17,5.0,398.17,2023,Yes
4.0,382.88,6.0,382.88,2024,Yes
1.0,583.18,5.0,583.18,2024,Yes
4.0,175.36,4.0,175.36,2024,Yes
2.0,311.91,2.0,311.91,2025,Yes
3.0,589.56,6.0,589.5600000000001,2023,Yes
2.0,394.3,6.0,394.3,2023,Yes
4.0,565.2,9.0,565.2,2024,Yes
4.0,540.41,6.0,540.41,2023,Yes
2.0,165.49,4.0,165.49,2023,Yes
3.0,146.73,8.0,146.73,2024,Yes
5.0,643.03,5.0,643.03,2024,Yes
3.0,225.11,4.0,225.11,2024,Yes
3.0,114.81,7.0,114.81,2025,Yes
5.0,455.33,8.0,455.33000000000004,2025,Yes
4.0,182.08,4.0,182.08,2023,Yes
5.0,492.75,6.0,492.75,2023,Yes
4.0,48.61,7.0,48.61,2024,Yes
4.0,431.01,7.0,431.01,2023,Yes
1.0,531.18,6.0,531.18,2023,Yes
4.0,117.51,7.0,117.51,2023,Yes
2.0,232.83,7.0,232.83,2024,Yes
5.0,619.52,9.0,619.52,2025,Yes
2.0,228.54,3.0,228.54,2023,Yes
1.0,201.58,2.0,201.58,2025,Yes
3.0,664.79,6.0,664.79,2023,Yes
1.0,381.02,6.0,381.02,2023,Yes
2.0,70.34,3.0,70.34,2023,Yes
4.0,218.43,9.0,218.43,2025,Yes
1.0,582.04,1.0,582.04,2024,Yes
3.0,185.4,7.0,185.4,2024,Yes
3.0,465.05,3.0,465.05,2023,Yes
5.0,48.38,9.0,48.38,2024,Yes
3.0,592.87,3.0,592.87,2023,Yes
1.0,220.77,5.0,220.77,2024,Yes
3.0,309.22,7.0,309.21999999999997,2025,Yes
1.0,410.6,2.0,410.6,2023,Yes
5.0,190.08,9.0,190.07999999999998,2024,Yes
5.0,498.48,8.0,498.48,2025,Yes
5.0,374.99,9.0,374.99,2023,Yes
4.0,291.35,6.0,291.35,2023,Yes
1.0,535.5,5.0,535.5,2023,Yes
5.0,502.71,7.0,502.71000000000004,2023,Yes
2.0,534.67,7.0,534.67,2025,Yes
4.0,629.34,4.0,629.34,2023,Yes
1.0,410.78,1.0,410.78,2023,Yes
2.0,533.02,2.0,533.02,2024,Yes
3.0,278.04,5.0,278.04,2023,Yes
4.0,283.79,8.0,283.79,2024,Yes
2.0,512.65,5.0,512.65,2024,Yes
4.0,275.5,8.0,275.5,2025,Yes
3.0,469.32,3.0,469.32,2023,Yes
4.0,21.07,4.0,21.07,2023,Yes
4.0,263.93,4.0,263.93,2023,Yes
3.0,501.3,3.0,501.3,2025,Yes
1.0,84.8,5.0,84.8,2023,Yes
4.0,450.75,6.0,450.75,2023,Yes
4.0,302.05,6.0,302.05,2025,Yes
2.0,199.7,4.0,199.7,2025,Yes
2.0,68.81,5.0,68.81,2023,Yes
1.0,44.35,1.0,44.35,2024,Yes
2.0,250.98,5.0,250.98,2024,Yes
1.0,298.06,3.0,298.06,2023,Yes
1.0,583.9,1.0,583.9,2023,Yes
3.0,528.14,3.0,528.14,2025,Yes
3.0,684.14,3.0,684.14,2023,Yes
5.0,272.77,7.0,272.77,2023,Yes
4.0,400.07,5.0,400.07,2024,Yes
5.0,219.78,8.0,219.78000000000003,2023,Yes
3.0,146.91,6.0,146.91,2024,Yes
2.0,411.49,4.0,411.49,2025,Yes
2.0,465.18,2.0,465.18,2025,Yes
2.0,319.91,3.0,319.91,2024,Yes
1.0,217.56,3.0,217.56,2023,Yes
2.0,105.57,5.0,105.57,2023,Yes
5.0,444.76,7.0,444.76000000000005,2023,Yes
2.0,399.04,3.0,399.04,2025,Yes
4.0,534.48,9.0,534.48,2024,Yes
4.0,408.21,9.0,408.21,2023,Yes
1.0,424.4,6.0,424.4,2023,Yes
2.0,269.83,4.0,269.83,2024,Yes
2.0,564.58,4.0,564.58,2025,Yes
1.0,331.06,5.0,331.06,2024,Yes
1.0,299.35,5.0,299.35,2023,Yes
4.0,101.32,7.0,101.32,2023,Yes
1.0,211.14,1.0,211.14,2024,Yes
3.0,65.86,8.0,65.86,2023,Yes
1.0,641.39,1.0,641.39,2025,Yes
5.0,536.58,5.0,536.58,2023,Yes
2.0,500.29,7.0,500.29,2024,Yes
3.0,86.29,6.0,86.29,2025,Yes
2.0,384.14,2.0,384.14,2023,Yes
1.0,594.96,6.0,594.96,2025,Yes
1.0,427.82,2.0,427.82,2024,Yes
4.0,662.94,8.0,662.94,2025,Yes
2.0,148.22,7.0,148.22,2023,Yes
1.0,254.12,1.0,254.12,2025,Yes
3.0,664.46,4.0,664.46,2024,Yes
4.0,600.81,9.0,600.81,2024,Yes
5.0,68.34,6.0,68.34,2025,Yes
4.0,430.83,8.0,430.83,2025,Yes
5.0,431.69,10.0,431.68999999999994,2023,Yes
4.0,512.06,5.0,512.06,2024,Yes
3.0,539.91,8.0,539.91,2024,Yes
5.0,316.07,10.0,316.07,2023,Yes
5.0,404.39,10.0,404.39,2024,Yes
1.0,600.54,4.0,600.54,2025,Yes
5.0,186.28,8.0,186.28,2024,Yes
4.0,214.54,7.0,214.54,2024,Yes
1.0,210.7,2.0,210.7,2025,Yes
2.0,133.55,7.0,133.55,2023,Yes
1.0,590.87,6.0,590.87,2023,Yes
2.0,363.91,2.0,363.91,2025,Yes
5.0,429.45,5.0,429.45,2023,Yes
3.0,223.7,3.0,223.70000000000002,2024,Yes
2.0,488.87,4.0,488.87,2025,Yes
1.0,645.46,5.0,645.46,2023,Yes
1.0,46.66,6.0,46.66,2023,Yes
1.0,249.57,3.0,249.57,2024,Yes
3.0,619.21,6.0,619.21,2024,Yes
4.0,217.13,8.0,217.13,2025,Yes
5.0,221.51,5.0,221.51,2023,Yes
4.0,340.3,8.0,340.3,2024,Yes
1.0,625.0,5.0,625.0,2025,Yes
5.0,433.26,9.0,433.26000000000005,2025,Yes
2.0,674.9,4.0,674.9,2023,Yes
3.0,253.98,3.0,253.98000000000002,2025,Yes
3.0,356.84,5.0,356.84,2025,Yes
4.0,413.71,9.0,413.71,2023,Yes
3.0,147.39,3.0,147.39000000000001,2023,Yes
4.0,229.1,8.0,229.1,2024,Yes
1.0,121.96,3.0,121.96,2025,Yes
2.0,408.32,3.0,408.32,2024,Yes
5.0,187.97,9.0,187.97,2023,Yes
3.0,358.48,7.0,358.48,2024,Yes
3.0,193.58,7.0,193.58,2025,Yes
1.0,265.38,6.0,265.38,2023,Yes
1.0,634.4,6.0,634.4,2023,Yes
4.0,305.72,5.0,305.72,2024,Yes
1.0,303.6,5.0,303.6,2023,Yes
4.0,496.0,8.0,496.0,2025,Yes
4.0,321.51,9.0,321.51,2024,Yes
3.0,112.46,6.0,112.46,2023,Yes
5.0,61.97,6.0,61.970000000000006,2025,Yes
2.0,373.17,6.0,373.17,2023,Yes
5.0,639.37,6.0,639.37,2024,Yes
4.0,693.36,8.0,693.36,2023,Yes
4.0,692.91,9.0,692.91,2024,Yes
4.0,91.46,9.0,91.46,2023,Yes
3.0,273.96,8.0,273.96,2024,Yes
3.0,588.05,8.0,588.0500000000001,2025,Yes
2.0,365.17,4.0,365.17,2023,Yes
4.0,385.92,8.0,385.92,2023,Yes
1.0,562.61,3.0,562.61,2025,Yes
4.0,61.91,6.0,61.91,2023,Yes
4.0,41.9,9.0,41.9,2023,Yes
4.0,444.44,8.0,444.44,2023,Yes
3.0,311.33,3.0,311.33,2024,Yes
4.0,236.41,7.0,236.41,2024,Yes
1.0,65.45,2.0,65.45,2023,Yes
1.0,318.81,3.0,318.81,2023,Yes
3.0,583.72,5.0,583.72,2024,Yes
4.0,384.32,6.0,384.32,2024,Yes
3.0,538.74,6.0,538.74,2024,Yes
1.0,17.24,2.0,17.24,2023,Yes
5.0,615.67,6.0,615.67,2023,Yes
2.0,219.1,4.0,219.1,2023,Yes
2.0,144.66,7.0,144.66,2025,Yes
2.0,317.77,4.0,317.77,2023,Yes
1.0,223.3,1.0,223.3,2025,Yes
2.0,342.11,2.0,342.11,2024,Yes
2.0,220.9,4.0,220.9,2023,Yes
1.0,670.54,6.0,670.54,2023,Yes
1.0,546.19,5.0,546.19,2024,Yes
3.0,42.95,8.0,42.949999999999996,2023,Yes
4.0,14.69,9.0,14.69,2025,Yes
4.0,668.36,5.0,668.36,2024,Yes
4.0,413.74,7.0,413.74,2024,Yes
3.0,263.19,5.0,263.19,2023,Yes
1.0,263.96,2.0,263.96,2024,Yes
5.0,75.81,10.0,75.81,2025,Yes
1.0,406.22,5.0,406.22,2024,Yes
2.0,103.41,2.0,103.41,2024,Yes
4.0,435.12,9.0,435.12,2023,Yes
2.0,407.79,3.0,407.79,2023,Yes
5.0,173.65,9.0,173.65,2025,Yes
4.0,249.07,5.0,249.07,2023,Yes
4.0,434.85,4.0,434.85,2023,Yes
1.0,436.77,5.0,436.77,2024,Yes
1.0,572.13,4.0,572.13,2023,Yes
4.0,583.07,6.0,583.07,2024,Yes
5.0,468.51,9.0,468.51000000000005,2025,Yes
2.0,423.88,7.0,423.88,2023,Yes
4.0,663.67,7.0,663.67,2023,Yes
4.0,309.91,5.0,309.91,2023,Yes
1.0,542.07,6.0,542.07,2023,Yes
2.0,399.32,6.0,399.32,2023,Yes
2.0,238.25,7.0,238.25,2024,Yes
2.0,182.4,5.0,182.4,2023,Yes
2.0,65.07,4.0,65.07,2023,Yes
2.0,600.57,3.0,600.57,2025,Yes
5.0,90.92,9.0,90.92,2024,Yes
5.0,362.46,6.0,362.46,2024,Yes
3.0,55.01,7.0,55.01,2023,Yes
3.0,404.62,6.0,404.61999999999995,2023,Yes
4.0,654.79,9.0,654.79,2023,Yes
4.0,637.79,9.0,637.79,2025,Yes
4.0,540.33,6.0,540.33,2025,Yes
5.0,208.17,6.0,208.17,2023,Yes
1.0,338.31,3.0,338.31,2025,Yes
3.0,139.45,8.0,139.45000000000002,2025,Yes
4.0,655.18,5.0,655.18,2023,Yes
4.0,512.75,8.0,512.75,2023,Yes
4.0,160.49,8.0,160.49,2023,Yes
3.0,99.9,8.0,99.89999999999999,2023,Yes
2.0,345.01,6.0,345.01,2024,Yes
1.0,65.95,5.0,65.95,2025,Yes
4.0,463.04,9.0,463.04,2023,Yes
2.0,297.71,7.0,297.71,2025,Yes
5.0,107.48,9.0,107.47999999999999,2023,Yes
5.0,638.8,10.0,638.8,2024,Yes
2.0,493.88,7.0,493.88,2023,Yes
4.0,301.17,6.0,301.17,2023,Yes
1.0,278.66,2.0,278.66,2024,Yes
1.0,287.46,3.0,287.46,2024,Yes
1.0,583.99,2.0,583.99,2023,Yes
3.0,468.74,4.0,468.74,2023,Yes
1.0,30.54,1.0,30.54,2024,Yes
5.0,408.73,10.0,408.73,2024,Yes
4.0,126.89,9.0,126.89,2023,Yes
2.0,57.07,3.0,57.07,2024,Yes
3.0,557.41,4.0,557.41,2023,Yes
3.0,448.9,7.0,448.90000000000003,2023,Yes
4.0,549.76,4.0,549.76,2023,Yes
3.0,132.48,4.0,132.48,2024,Yes
5.0,489.37,8.0,489.37,2025,Yes
5.0,66.31,7.0,66.31,2025,Yes
2.0,434.3,7.0,434.3,2023,Yes
4.0,153.09,4.0,153.09,2023,Yes
5.0,91.67,9.0,91.67,2025,Yes
4.0,275.28,9.0,275.28,2023,Yes
2.0,139.95,5.0,139.95,2023,Yes
3.0,148.72,7.0,148.72,2024,Yes
2.0,563.06,6.0,563.06,2023,Yes
1.0,625.51,1.0,625.51,2024,Yes
4.0,152.29,6.0,152.29,2023,Yes
5.0,231.82,6.0,231.82,2024,Yes
1.0,150.17,1.0,150.17,2025,Yes
3.0,70.93,5.0,70.92999999999999,2024,Yes
3.0,361.39,8.0,361.39000000000004,2023,Yes
1.0,359.99,5.0,359.99,2023,Yes
4.0,283.16,6.0,283.16,2024,Yes
5.0,260.53,5.0,260.53000000000003,2024,Yes
3.0,422.13,7.0,422.13000000000005,2023,Yes
5.0,125.02,9.0,125.02000000000001,2024,Yes
1.0,198.51,5.0,198.51,2024,Yes
4.0,224.75,7.0,224.75,2024,Yes
3.0,205.86,4.0,205.86,2025,Yes
1.0,18.2,4.0,18.2,2023,Yes
3.0,502.77,8.0,502.77,2023,Yes
5.0,305.49,10.0,305.49,2023,Yes
2.0,236.33,3.0,236.33,2024,Yes
5.0,521.25,8.0,521.25,2023,Yes
1.0,167.15,5.0,167.15,2024,Yes
5.0,466.42,5.0,466.41999999999996,2025,Yes
1.0,527.57,3.0,527.57,2023,Yes
3.0,623.34,3.0,623.34,2025,Yes
5.0,501.26,10.0,501.26000000000005,2023,Yes
1.0,655.09,6.0,655.09,2024,Yes
4.0,264.79,5.0,264.79,2024,Yes
3.0,359.73,7.0,359.73,2024,Yes
1.0,465.33,2.0,465.33,2023,Yes
2.0,54.41,6.0,54.41,2023,Yes
1.0,64.66,4.0,64.66,2025,Yes
5.0,173.96,8.0,173.95999999999998,2023,Yes
1.0,630.82,5.0,630.82,2025,Yes
1.0,693.41,4.0,693.41,2023,Yes
3.0,433.33,4.0,433.33,2025,Yes
5.0,374.58,10.0,374.58000000000004,2023,Yes
5.0,408.56,8.0,408.56,2023,Yes
2.0,183.67,3.0,183.67,2024,Yes
4.0,606.57,5.0,606.57,2023,Yes
4.0,589.57,8.0,589.57,2024,Yes
5.0,659.85,9.0,659.85,2024,Yes
4.0,206.84,5.0,206.84,2023,Yes
5.0,113.87,6.0,113.87,2024,Yes
5.0,628.74,9.0,628.74,2023,Yes
1.0,678.38,4.0,678.38,2025,Yes
3.0,602.24,8.0,602.24,2023,Yes
5.0,658.77,10.0,658.77,2024,Yes
3.0,271.02,6.0,271.02,2023,Yes
5.0,375.25,9.0,375.25,2024,Yes
1.0,312.11,4.0,312.11,2025,Yes
5.0,307.76,9.0,307.76,2023,Yes
3.0,483.53,4.0,483.53,2025,Yes
3.0,341.15,4.0,341.15000000000003,2023,Yes
1.0,571.9,1.0,571.9,2024,Yes
4.0,95.03,8.0,95.03,2025,Yes
5.0,201.22,6.0,201.22,2023,Yes
1.0,260.26,5.0,260.26,2024,Yes
5.0,64.5,8.0,64.5,2024,Yes
3.0,297.67,6.0,297.67,2024,Yes
4.0,331.9,5.0,331.9,2024,Yes
1.0,191.76,1.0,191.76,2023,Yes
4.0,263.09,8.0,263.09,2025,Yes
4.0,393.8,7.0,393.8,2023,Yes
3.0,553.57,4.0,553.57,2024,Yes
5.0,191.63,6.0,191.63,2023,Yes
1.0,93.02,4.0,93.02,2023,Yes
2.0,39.53,3.0,39.53,2024,Yes
3.0,633.97,7.0,633.97,2023,Yes
4.0,697.5,7.0,697.5,2023,Yes
5.0,508.69,10.0,508.68999999999994,2023,Yes
2.0,527.46,3.0,527.46,2025,Yes
1.0,627.2,1.0,627.2,2024,Yes
1.0,75.01,3.0,75.01,2024,Yes
5.0,529.55,10.0,529.55,2023,Yes
3.0,127.41,7.0,127.41000000000001,2025,Yes
5.0,287.13,10.0,287.13,2023,Yes
1.0,427.06,1.0,427.06,2023,Yes
5.0,53.93,7.0,53.92999999999999,2024,Yes
5.0,423.93,5.0,423.93,2024,Yes
4.0,160.22,9.0,160.22,2024,Yes
1.0,538.68,6.0,538.68,2025,Yes
5.0,337.38,5.0,337.38,2023,Yes
1.0,620.21,1.0,620.21,2024,Yes
2.0,99.1,6.0,99.1,2023,Yes
4.0,451.97,7.0,451.97,2025,Yes
4.0,66.1,9.0,66.1,2023,Yes
4.0,547.32,8.0,547.32,2023,Yes
3.0,412.53,6.0,412.53,2025,Yes
5.0,84.13,9.0,84.13,2023,Yes
2.0,518.23,5.0,518.23,2024,Yes
2.0,39.51,5.0,39.51,2024,Yes
5.0,133.01,10.0,133.01,2025,Yes
1.0,118.8,6.0,118.8,2023,Yes
2.0,139.57,4.0,139.57,2025,Yes
1.0,184.15,5.0,184.15,2025,Yes
2.0,644.05,5.0,644.05,2023,Yes
5.0,55.41,5.0,55.410000000000004,2023,Yes
1.0,310.93,3.0,310.93,2023,Yes
2.0,216.66,6.0,216.66,2024,Yes
1.0,452.7,5.0,452.7,2024,Yes
2.0,288.21,5.0,288.21,2023,Yes
4.0,206.6,6.0,206.6,2023,Yes
4.0,685.2,6.0,685.2,2024,Yes
5.0,22.94,10.0,22.94,2023,Yes
2.0,301.88,5.0,301.88,2023,Yes
5.0,57.45,10.0,57.45,2025,Yes
1.0,161.24,3.0,161.24,2024,Yes
4.0,262.58,8.0,262.58,2024,Yes
4.0,515.19,9.0,515.19,2024,Yes
1.0,450.07,6.0,450.07,2023,Yes
1.0,52.54,6.0,52.54,2024,Yes
2.0,424.32,6.0,424.32,2023,Yes
3.0,631.64,3.0,631.64,2023,Yes
5.0,327.68,6.0,327.68,2023,Yes
1.0,414.47,3.0,414.47,2023,Yes
4.0,221.33,5.0,221.33,2023,Yes
1.0,512.39,2.0,512.39,2024,Yes
3.0,459.34,3.0,459.34,2025,Yes
1.0,146.32,4.0,146.32,2024,Yes
4.0,83.6,4.0,83.6,2024,Yes
2.0,328.54,6.0,328.54,2023,Yes
5.0,314.94,8.0,314.94,2024,Yes
2.0,69.64,6.0,69.64,2024,Yes
1.0,135.17,6.0,135.17,2024,Yes
1.0,487.21,3.0,487.21,2024,Yes
5.0,509.58,6.0,509.58000000000004,2023,Yes
2.0,416.81,2.0,416.81,2024,Yes
2.0,160.0,4.0,160.0,2023,Yes
3.0,253.05,3.0,253.04999999999998,2024,Yes
5.0,615.1,10.0,615.1,2024,Yes
1.0,183.18,6.0,183.18,2023,Yes
1.0,75.78,5.0,75.78,2023,Yes
1.0,675.57,1.0,675.57,2025,Yes
1.0,109.29,5.0,109.29,2024,Yes
1.0,639.83,2.0,639.83,2024,Yes
5.0,62.81,9.0,62.81,2023,Yes
4.0,615.83,4.0,615.83,2025,Yes
4.0,510.58,7.0,510.58,2024,Yes
1.0,334.39,2.0,334.39,2024,Yes
1.0,144.25,2.0,144.25,2024,Yes
1.0,401.82,5.0,401.82,2024,Yes
1.0,252.68,1.0,252.68,2025,Yes
5.0,662.78,9.0,662.78,2023,Yes
4.0,434.42,6.0,434.42,2023,Yes
5.0,513.49,8.0,513.49,2024,Yes
1.0,432.47,4.0,432.47,2023,Yes
1.0,45.94,2.0,45.94,2024,Yes
1.0,418.36,5.0,418.36,2025,Yes
4.0,263.62,5.0,263.62,2023,Yes
5.0,551.27,7.0,551.27,2025,Yes
3.0,508.12,8.0,508.11999999999995,2023,Yes
2.0,14.93,4.0,14.93,2025,Yes
3.0,229.34,6.0,229.34,2023,Yes
2.0,438.62,3.0,438.62,2025,Yes
2.0,513.59,4.0,513.59,2024,Yes
2.0,253.74,5.0,253.74,2025,Yes
3.0,62.77,6.0,62.77,2024,Yes
4.0,25.29,8.0,25.29,2023,Yes
1.0,335.1,6.0,335.1,2023,Yes
4.0,484.85,5.0,484.85,2023,Yes
3.0,381.41,6.0,381.41,2025,Yes
5.0,347.92,6.0,347.91999999999996,2023,Yes
4.0,15.01,6.0,15.01,2024,Yes
3.0,404.79,6.0,404.78999999999996,2023,Yes
4.0,611.26,5.0,611.26,2023,Yes
3.0,346.52,3.0,346.52,2023,Yes
1.0,36.65,1.0,36.65,2024,Yes
3.0,149.34,7.0,149.34,2023,Yes
5.0,467.81,10.0,467.81000000000006,2024,Yes
5.0,420.7,5.0,420.7,2023,Yes
5.0,606.52,6.0,606.52,2023,Yes
1.0,420.26,4.0,420.26,2025,Yes
3.0,505.79,3.0,505.78999999999996,2023,Yes
4.0,493.73,6.0,493.73,2025,Yes
3.0,201.21,3.0,201.21,2025,Yes
3.0,112.29,6.0,112.29,2024,Yes
4.0,132.56,8.0,132.56,2023,Yes
3.0,539.46,4.0,539.46,2023,Yes
5.0,508.59,8.0,508.59,2024,Yes
4.0,203.46,7.0,203.46,2024,Yes
3.0,565.25,7.0,565.25,2023,Yes
3.0,136.84,4.0,136.84,2023,Yes
2.0,464.5,2.0,464.5,2025,Yes
2.0,434.97,7.0,434.97,2023,Yes
2.0,43.67,4.0,43.67,2023,Yes
1.0,171.59,5.0,171.59,2023,Yes
1.0,558.27,1.0,558.27,2025,Yes
2.0,425.03,2.0,425.03,2023,Yes
1.0,376.76,5.0,376.76,2024,Yes
5.0,575.24,7.0,575.24,2024,Yes
3.0,568.02,3.0,568.02,2024,Yes
3.0,94.88,8.0,94.88,2025,Yes
3.0,304.15,3.0,304.15000000000003,2023,Yes
3.0,553.52,4.0,553.52,2023,Yes
3.0,166.99,8.0,166.99,2024,Yes
4.0,198.35,7.0,198.35,2024,Yes
4.0,403.58,9.0,403.58,2025,Yes
4.0,464.29,5.0,464.29,2025,Yes
3.0,635.98,5.0,635.98,2023,Yes
1.0,528.06,2.0,528.06,2024,Yes
1.0,515.32,1.0,515.32,2024,Yes
4.0,657.79,6.0,657.79,2025,Yes
1.0,153.0,4.0,153.0,2023,Yes
1.0,668.48,1.0,668.48,2023,Yes
2.0,46.5,7.0,46.5,2024,Yes
5.0,653.47,10.0,653.47,2024,Yes
1.0,628.89,2.0,628.89,2025,Yes
2.0,675.1,4.0,675.1,2024,Yes
4.0,89.41,9.0,89.41,2024,Yes
5.0,320.01,6.0,320.01,2024,Yes
2.0,41.0,7.0,41.0,2025,Yes
1.0,565.85,1.0,565.85,2023,Yes
3.0,648.59,4.0,648.59,2024,Yes
3.0,68.12,3.0,68.12,2024,Yes
1.0,616.1,6.0,616.1,2024,Yes
3.0,247.47,4.0,247.47,2025,Yes
3.0,490.74,3.0,490.74,2024,Yes
3.0,531.72,7.0,531.72,2025,Yes
5.0,648.65,7.0,648.65,2024,Yes
5.0,456.06,10.0,456.06000000000006,2023,Yes
1.0,17.98,6.0,17.98,2023,Yes
5.0,269.86,6.0,269.86,2024,Yes
5.0,31.96,5.0,31.96,2024,Yes
2.0,98.47,3.0,98.47,2023,Yes
1.0,158.68,6.0,158.68,2024,Yes
1.0,613.98,4.0,613.98,2023,Yes
3.0,426.12,5.0,426.11999999999995,2024,Yes
4.0,629.88,8.0,629.88,2025,Yes
4.0,228.91,4.0,228.91,2023,Yes
1.0,120.98,6.0,120.98,2023,Yes
4.0,425.18,8.0,425.18,2023,Yes
2.0,333.83,4.0,333.83,2023,Yes
2.0,492.9,5.0,492.9,2025,Yes
1.0,92.04,2.0,92.04,2023,Yes
1.0,654.27,2.0,654.27,2023,Yes
1.0,56.2,1.0,56.2,2023,Yes
4.0,628.12,6.0,628.12,2024,Yes
3.0,157.4,7.0,157.4,2024,Yes
4.0,588.85,7.0,588.85,2023,Yes
2.0,494.78,2.0,494.78,2023,Yes
3.0,663.93,6.0,663.93,2023,Yes
1.0,132.68,1.0,132.68,2023,Yes
5.0,364.28,5.0,364.28000000000003,2025,Yes
5.0,307.98,10.0,307.98,2023,Yes
4.0,162.71,7.0,162.71,2024,Yes
5.0,492.94,10.0,492.93999999999994,2024,Yes
2.0,343.99,4.0,343.99,2023,Yes
5.0,250.68,8.0,250.68,2025,Yes
2.0,362.14,2.0,362.14,2024,Yes
1.0,214.08,2.0,214.08,2024,Yes
1.0,70.32,4.0,70.32,2023,Yes
5.0,421.42,7.0,421.41999999999996,2023,Yes
5.0,384.69,6.0,384.69,2024,Yes
5.0,448.15,7.0,448.15,2023,Yes
5.0,79.08,8.0,79.08,2024,Yes
4.0,185.41,9.0,185.41,2023,Yes
5.0,566.07,6.0,566.0699999999999,2024,Yes
2.0,187.88,4.0,187.88,2023,Yes
2.0,255.99,4.0,255.99,2023,Yes
1.0,627.34,1.0,627.34,2024,Yes
3.0,474.14,8.0,474.14000000000004,2024,Yes
3.0,154.37,4.0,154.37,2025,Yes
4.0,145.05,6.0,145.05,2025,Yes
4.0,67.08,8.0,67.08,2023,Yes
1.0,522.08,5.0,522.08,2024,Yes
5.0,514.6,10.0,514.6,2023,Yes
4.0,577.82,9.0,577.82,2024,Yes
2.0,500.8,3.0,500.8,2025,Yes
2.0,461.13,4.0,461.13,2023,Yes
1.0,605.28,3.0,605.28,2024,Yes
3.0,204.27,4.0,204.26999999999998,2024,Yes
1.0,489.8,4.0,489.8,2023,Yes
5.0,72.64,7.0,72.64,2024,Yes
2.0,385.16,7.0,385.16,2025,Yes
3.0,606.41,7.0,606.41,2023,Yes
2.0,211.82,4.0,211.82,2024,Yes
5.0,495.35,5.0,495.35,2024,Yes
3.0,556.99,4.0,556.99,2023,Yes
1.0,72.31,1.0,72.31,2023,Yes
5.0,24.82,10.0,24.82,2023,Yes
4.0,26.04,5.0,26.04,2024,Yes
1.0,657.07,4.0,657.07,2024,Yes
3.0,32.62,6.0,32.62,2025,Yes
2.0,228.91,4.0,228.91,2024,Yes
3.0,274.75,3.0,274.75,2024,Yes
4.0,634.05,6.0,634.05,2025,Yes
5.0,543.16,6.0,543.1600000000001,2024,Yes
3.0,449.13,5.0,449.13000000000005,2025,Yes
5.0,389.62,7.0,389.62,2024,Yes
1.0,305.17,3.0,305.17,2023,Yes
3.0,445.12,8.0,445.11999999999995,2023,Yes
2.0,230.36,4.0,230.36,2024,Yes
1.0,96.81,3.0,96.81,2024,Yes
5.0,460.14,10.0,460.14,2025,Yes
3.0,601.6,7.0,601.6,2024,Yes
3.0,184.47,4.0,184.47,2024,Yes
1.0,411.34,5.0,411.34,2024,Yes
1.0,532.89,2.0,532.89,2024,Yes
3.0,136.34,8.0,136.34,2024,Yes
5.0,476.01,7.0,476.01000000000005,2023,Yes
5.0,236.38,7.0,236.38000000000002,2024,Yes
3.0,396.0,4.0,396.0,2023,Yes
5.0,341.96,6.0,341.96,2024,Yes
1.0,672.89,1.0,672.89,2023,Yes
2.0,657.48,5.0,657.48,2024,Yes
3.0,498.68,4.0,498.68,2023,Yes
5.0,558.63,8.0,558.63,2023,Yes
3.0,19.73,3.0,19.73,2023,Yes
5.0,248.84,10.0,248.84,2023,Yes
3.0,46.11,5.0,46.11000000000001,2024,Yes
5.0,601.72,5.0,601.72,2024,Yes
2.0,259.32,2.0,259.32,2024,Yes
3.0,63.68,6.0,63.68,2023,Yes
4.0,371.07,7.0,371.07,2023,Yes
4.0,306.35,7.0,306.35,2024,Yes
4.0,578.27,9.0,578.27,2023,Yes
1.0,529.19,5.0,529.19,2023,Yes
2.0,587.49,6.0,587.49,2024,Yes
4.0,567.57,9.0,567.57,2024,Yes
5.0,85.22,7.0,85.22,2024,Yes
1.0,438.37,4.0,438.37,2024,Yes
2.0,366.23,2.0,366.23,2023,Yes
2.0,150.05,4.0,150.05,2023,Yes
4.0,498.51,4.0,498.51,2023,Yes
3.0,339.39,7.0,339.39,2025,Yes
2.0,575.83,3.0,575.83,2025,Yes
2.0,642.98,7.0,642.98,2023,Yes
2.0,372.23,7.0,372.23,2023,Yes
3.0,646.34,5.0,646.34,2024,Yes
5.0,341.84,8.0,341.84000000000003,2024,Yes
3.0,690.3,6.0,690.3000000000001,2024,Yes
3.0,382.37,8.0,382.36999999999995,2023,Yes
2.0,132.6,4.0,132.6,2023,Yes
2.0,189.06,7.0,189.06,2024,Yes
4.0,87.79,6.0,87.79,2023,Yes
2.0,46.36,4.0,46.36,2025,Yes
2.0,642.04,4.0,642.04,2024,Yes
2.0,651.57,7.0,651.57,2024,Yes
3.0,424.89,6.0,424.89000000000004,2025,Yes
3.0,438.89,3.0,438.89000000000004,2023,Yes
1.0,72.6,6.0,72.6,2024,Yes
4.0,194.75,5.0,194.75,2024,Yes
4.0,231.26,6.0,231.26,2023,Yes
4.0,327.12,4.0,327.12,2024,Yes
1.0,466.42,5.0,466.42,2023,Yes
2.0,253.67,3.0,253.67,2024,Yes
1.0,257.0,5.0,257.0,2023,Yes
4.0,539.2,8.0,539.2,2024,Yes
5.0,50.74,7.0,50.739999999999995,2023,Yes
2.0,624.16,2.0,624.16,2023,Yes
2.0,372.92,7.0,372.92,2023,Yes
4.0,358.75,9.0,358.75,2024,Yes
3.0,342.02,5.0,342.02,2024,Yes
2.0,422.34,4.0,422.34,2025,Yes
5.0,22.07,7.0,22.07,2025,Yes
3.0,163.13,5.0,163.13,2024,Yes
3.0,360.66,5.0,360.66,2023,Yes
3.0,463.39,3.0,463.39000000000004,2023,Yes
1.0,155.27,6.0,155.27,2024,Yes
3.0,509.42,5.0,509.42,2023,Yes
4.0,652.48,5.0,652.48,2025,Yes
4.0,34.84,8.0,34.84,2024,Yes
1.0,234.37,5.0,234.37,2025,Yes
3.0,53.6,4.0,53.6,2023,Yes
1.0,332.09,5.0,332.09,2023,Yes
4.0,593.22,8.0,593.22,2024,Yes
2.0,444.84,7.0,444.84,2023,Yes
1.0,24.48,1.0,24.48,2024,Yes
3.0,239.08,8.0,239.08,2024,Yes
5.0,196.84,5.0,196.84,2023,Yes
1.0,176.58,4.0,176.58,2025,Yes
4.0,666.52,8.0,666.52,2023,Yes
5.0,101.3,7.0,101.3,2024,Yes
4.0,151.2,9.0,151.2,2023,Yes
5.0,94.85,6.0,94.85,2025,Yes
2.0,388.22,2.0,388.22,2023,Yes
3.0,614.15,3.0,614.15,2023,Yes
2.0,92.91,3.0,92.91,2024,Yes
3.0,92.22,5.0,92.22000000000001,2024,Yes
3.0,562.55,6.0,562.5500000000001,2024,Yes
1.0,92.79,3.0,92.79,2023,Yes
4.0,30.27,9.0,30.27,2023,Yes
2.0,49.08,7.0,49.08,2025,Yes
5.0,228.09,9.0,228.09,2025,Yes
4.0,650.04,6.0,650.04,2024,Yes
1.0,665.11,3.0,665.11,2025,Yes
1.0,386.03,4.0,386.03,2024,Yes
5.0,21.54,10.0,21.54,2024,Yes
2.0,475.78,2.0,475.78,2024,Yes
2.0,68.4,7.0,68.4,2024,Yes
4.0,532.49,6.0,532.49,2025,Yes
1.0,51.73,1.0,51.73,2023,Yes
3.0,653.63,7.0,653.63,2024,Yes
3.0,454.29,4.0,454.28999999999996,2024,Yes
3.0,122.11,4.0,122.11,2023,Yes
4.0,64.74,8.0,64.74,2023,Yes
2.0,681.06,3.0,681.06,2024,Yes
5.0,128.95,10.0,128.95,2023,Yes
2.0,118.59,2.0,118.59,2024,Yes
1.0,95.1,1.0,95.1,2024,Yes
3.0,54.95,8.0,54.949999999999996,2023,Yes
3.0,136.97,4.0,136.97,2024,Yes
2.0,194.85,5.0,194.85,2023,Yes
4.0,583.02,4.0,583.02,2024,Yes
5.0,95.75,8.0,95.75,2024,Yes
4.0,325.76,8.0,325.76,2024,Yes
4.0,186.41,6.0,186.41,2023,Yes
1.0,474.6,4.0,474.6,2025,Yes
5.0,584.46,8.0,584.46,2024,Yes
1.0,132.05,2.0,132.05,2025,Yes
4.0,494.84,8.0,494.84,2023,Yes
4.0,224.61,6.0,224.61,2024,Yes
4.0,44.07,6.0,44.07,2024,Yes
5.0,418.53,6.0,418.53000000000003,2024,Yes
4.0,532.87,9.0,532.87,2024,Yes
2.0,485.37,5.0,485.37,2025,Yes
4.0,386.73,4.0,386.73,2024,Yes
2.0,377.47,7.0,377.47,2024,Yes
5.0,332.64,10.0,332.64,2025,Yes
3.0,699.93,7.0,699.93,2024,Yes
1.0,576.35,1.0,576.35,2024,Yes
2.0,461.37,5.0,461.37,2024,Yes
4.0,111.3,7.0,111.3,2023,Yes
3.0,661.89,6.0,661.89,2025,Yes
2.0,259.58,7.0,259.58,2025,Yes
3.0,70.81,8.0,70.81,2024,Yes
1.0,518.39,4.0,518.39,2025,Yes
4.0,145.41,7.0,145.41,2023,Yes
2.0,599.86,7.0,599.86,2023,Yes
4.0,429.37,8.0,429.37,2024,Yes
2.0,241.49,7.0,241.49,2024,Yes
2.0,452.05,3.0,452.05,2025,Yes
3.0,336.71,4.0,336.71,2023,Yes
1.0,283.69,6.0,283.69,2024,Yes
1.0,157.72,2.0,157.72,2024,Yes
3.0,624.84,8.0,624.84,2023,Yes
3.0,308.01,3.0,308.01,2023,Yes
1.0,39.56,5.0,39.56,2025,Yes
4.0,37.76,7.0,37.76,2023,Yes
3.0,76.96,8.0,76.96,2024,Yes
1.0,569.96,4.0,569.96,2023,Yes
5.0,627.43,10.0,627.4300000000001,2024,Yes
2.0,534.91,5.0,534.91,2023,Yes
2.0,278.88,3.0,278.88,2023,Yes
2.0,323.22,7.0,323.22,2025,Yes
5.0,653.46,9.0,653.46,2023,Yes
4.0,678.55,5.0,678.55,2023,Yes
1.0,314.38,6.0,314.38,2024,Yes
3.0,692.44,8.0,692.44,2024,Yes
1.0,604.87,4.0,604.87,2024,Yes
2.0,512.33,7.0,512.33,2025,Yes
3.0,20.54,3.0,20.54,2025,Yes
2.0,625.22,5.0,625.22,2023,Yes
1.0,21.19,5.0,21.19,2023,Yes
5.0,64.49,7.0,64.49,2025,Yes
4.0,246.85,8.0,246.85,2023,Yes
3.0,588.74,8.0,588.74,2023,Yes
4.0,184.48,4.0,184.48,2024,Yes
5.0,524.26,5.0,524.26,2024,Yes
2.0,493.63,6.0,493.63,2024,Yes
1.0,438.34,5.0,438.34,2025,Yes
1.0,325.81,1.0,325.81,2025,Yes
1.0,176.1,1.0,176.1,2023,Yes
5.0,45.31,8.0,45.31,2023,Yes
4.0,221.96,7.0,221.96,2024,Yes
2.0,601.43,5.0,601.43,2023,Yes
4.0,417.89,4.0,417.89,2024,Yes
4.0,409.28,8.0,409.28,2024,Yes
2.0,356.35,6.0,356.35,2023,Yes
5.0,170.22,8.0,170.22,2024,Yes
4.0,384.85,9.0,384.85,2023,Yes
4.0,115.77,7.0,115.77,2024,Yes
3.0,579.55,8.0,579.5500000000001,2025,Yes
2.0,438.76,2.0,438.76,2023,Yes
5.0,488.35,9.0,488.35,2025,Yes
4.0,328.56,4.0,328.56,2023,Yes
1.0,68.39,3.0,68.39,2025,Yes
4.0,595.62,8.0,595.62,2023,Yes
5.0,644.64,6.0,644.64,2024,Yes
5.0,397.81,5.0,397.81,2023,Yes
3.0,236.5,8.0,236.5,2024,Yes
5.0,472.01,10.0,472.01000000000005,2024,Yes
5.0,253.75,9.0,253.75,2023,Yes
3.0,676.21,5.0,676.21,2024,Yes
3.0,134.05,3.0,134.04999999999998,2024,Yes
5.0,217.43,10.0,217.43,2024,Yes
1.0,553.56,5.0,553.56,2023,Yes
2.0,28.55,7.0,28.55,2023,Yes
2.0,255.26,6.0,255.26,2024,Yes
5.0,292.54,8.0,292.54,2025,Yes
4.0,147.51,4.0,147.51,2024,Yes
3.0,569.84,8.0,569.84,2024,Yes
5.0,574.79,8.0,574.79,2024,Yes
4.0,598.19,7.0,598.19,2023,Yes
4.0,390.84,9.0,390.84,2023,Yes
2.0,398.45,7.0,398.45,2024,Yes
5.0,623.81,6.0,623.8100000000001,2023,Yes
4.0,174.49,5.0,174.49,2024,Yes
1.0,479.56,1.0,479.56,2025,Yes
4.0,653.13,8.0,653.13,2024,Yes
3.0,481.1,3.0,481.09999999999997,2023,Yes
5.0,271.69,7.0,271.69,2025,Yes
3.0,463.81,8.0,463.81,2025,Yes
2.0,639.88,5.0,639.88,2023,Yes
4.0,404.58,5.0,404.58,2024,Yes
1.0,76.93,6.0,76.93,2023,Yes
4.0,190.64,5.0,190.64,2024,Yes
2.0,88.73,5.0,88.73,2023,Yes
5.0,485.71,10.0,485.71000000000004,2024,Yes
5.0,78.29,5.0,78.28999999999999,2025,Yes
5.0,22.14,10.0,22.14,2024,Yes
1.0,679.65,6.0,679.65,2024,Yes
1.0,178.44,2.0,178.44,2023,Yes
5.0,655.55,5.0,655.55,2025,Yes
4.0,577.08,8.0,577.08,2024,Yes
3.0,197.97,5.0,197.97,2023,Yes
3.0,411.95,7.0,411.95,2024,Yes
2.0,443.22,5.0,443.22,2024,Yes
3.0,364.14,7.0,364.14000000000004,2025,Yes
3.0,430.06,8.0,430.06,2025,Yes
1.0,320.92,5.0,320.92,2024,Yes
3.0,107.36,5.0,107.36,2023,Yes
2.0,359.86,4.0,359.86,2024,Yes
4.0,434.23,8.0,434.23,2024,Yes
2.0,645.85,5.0,645.85,2023,Yes
4.0,214.35,7.0,214.35,2025,Yes
3.0,638.5,4.0,638.5,2025,Yes
1.0,365.57,5.0,365.57,2023,Yes
3.0,568.05,6.0,568.0500000000001,2024,Yes
3.0,490.01,4.0,490.01,2023,Yes
3.0,372.6,7.0,372.59999999999997,2025,Yes
5.0,240.61,10.0,240.60999999999999,2023,Yes
1.0,586.62,5.0,586.62,2024,Yes
3.0,257.84,4.0,257.84,2024,Yes
5.0,435.66,9.0,435.66,2023,Yes
5.0,261.33,5.0,261.33000000000004,2024,Yes
1.0,422.54,1.0,422.54,2024,Yes
5.0,330.45,10.0,330.45,2023,Yes
3.0,120.82,5.0,120.82,2023,Yes
1.0,14.06,5.0,14.06,2024,Yes
1.0,491.11,4.0,491.11,2023,Yes
4.0,677.37,8.0,677.37,2023,Yes
5.0,189.25,10.0,189.25,2024,Yes
4.0,142.58,4.0,142.58,2024,Yes
4.0,316.32,7.0,316.32,2024,Yes
2.0,533.95,5.0,533.95,2024,Yes
4.0,470.09,4.0,470.09,2025,Yes
3.0,324.3,8.0,324.3,2024,Yes
4.0,629.34,7.0,629.34,2023,Yes
3.0,136.84,3.0,136.84,2024,Yes
2.0,488.9,7.0,488.9,2023,Yes
5.0,133.39,6.0,133.39000000000001,2023,Yes
5.0,608.91,6.0,608.9100000000001,2024,Yes
1.0,524.06,3.0,524.06,2024,Yes
2.0,330.69,5.0,330.69,2023,Yes
2.0,547.67,3.0,547.67,2025,Yes
4.0,233.7,8.0,233.7,2025,Yes
2.0,448.85,6.0,448.85,2023,Yes
2.0,274.12,6.0,274.12,2025,Yes
5.0,561.48,9.0,561.48,2025,Yes
1.0,595.54,4.0,595.54,2024,Yes
4.0,515.59,7.0,515.59,2024,Yes
1.0,460.13,1.0,460.13,2023,Yes
3.0,171.66,7.0,171.66,2024,Yes
2.0,266.95,3.0,266.95,2024,Yes
5.0,650.72,8.0,650.72,2024,Yes
3.0,439.53,5.0,439.53,2023,Yes
3.0,654.54,7.0,654.54,2023,Yes
1.0,394.53,2.0,394.53,2024,Yes
1.0,678.01,4.0,678.01,2023,Yes
3.0,575.01,8.0,575.01,2023,Yes
3.0,154.64,6.0,154.64000000000001,2023,Yes
3.0,147.29,3.0,147.29,2024,Yes
4.0,481.48,5.0,481.48,2024,Yes
3.0,158.37,6.0,158.37,2025,Yes
2.0,323.37,3.0,323.37,2025,Yes
5.0,73.83,9.0,73.83,2025,Yes
1.0,458.63,4.0,458.63,2024,Yes
4.0,180.25,7.0,180.25,2024,Yes
3.0,473.49,7.0,473.49,2023,Yes
4.0,237.43,8.0,237.43,2025,Yes
1.0,442.39,6.0,442.39,2023,Yes
1.0,62.12,2.0,62.12,2024,Yes
5.0,298.39,7.0,298.39,2024,Yes
2.0,697.93,2.0,697.93,2025,Yes
2.0,291.85,5.0,291.85,2024,Yes
3.0,308.98,3.0,308.98,2024,Yes
5.0,396.86,9.0,396.86,2024,Yes
2.0,139.69,7.0,139.69,2024,Yes
5.0,475.95,8.0,475.95,2023,Yes
1.0,626.6,4.0,626.6,2025,Yes
4.0,502.99,4.0,502.99,2024,Yes
5.0,578.83,6.0,578.83,2024,Yes
5.0,383.82,7.0,383.82,2025,Yes
5.0,368.25,5.0,368.25,2025,Yes
2.0,374.6,3.0,374.6,2025,Yes
2.0,428.09,6.0,428.09,2025,Yes
1.0,438.93,3.0,438.93,2023,Yes
2.0,563.82,3.0,563.82,2024,Yes
3.0,649.93,7.0,649.93,2023,Yes
5.0,268.43,5.0,268.43,2025,Yes
5.0,502.47,10.0,502.46999999999997,2024,Yes
1.0,26.95,1.0,26.95,2024,Yes
4.0,64.69,7.0,64.69,2023,Yes
3.0,247.11,3.0,247.11,2024,Yes
2.0,536.25,3.0,536.25,2024,Yes
2.0,456.04,4.0,456.04,2024,Yes
2.0,40.23,4.0,40.23,2024,Yes
2.0,72.39,7.0,72.39,2023,Yes
2.0,394.16,2.0,394.16,2023,Yes
4.0,119.84,8.0,119.84,2025,Yes
3.0,692.71,3.0,692.71,2023,Yes
4.0,56.66,4.0,56.66,2024,Yes
2.0,298.53,5.0,298.53,2024,Yes
3.0,331.46,6.0,331.46,2023,Yes
2.0,521.4,7.0,521.4,2025,Yes
4.0,305.32,4.0,305.32,2023,Yes
5.0,111.7,9.0,111.7,2023,Yes
1.0,479.76,1.0,479.76,2023,Yes
3.0,193.49,6.0,193.49,2023,Yes
2.0,426.22,7.0,426.22,2024,Yes
5.0,276.44,10.0,276.44,2023,Yes
2.0,404.96,4.0,404.96,2024,Yes
4.0,465.66,9.0,465.66,2023,Yes
2.0,594.07,2.0,594.07,2024,Yes
5.0,110.38,10.0,110.38,2023,Yes
1.0,596.24,4.0,596.24,2024,Yes
2.0,306.24,4.0,306.24,2024,Yes
3.0,503.39,5.0,503.39000000000004,2025,Yes
1.0,131.61,2.0,131.61,2023,Yes
3.0,443.44,3.0,443.44,2024,Yes
1.0,408.13,3.0,408.13,2023,Yes
2.0,160.98,3.0,160.98,2024,Yes
5.0,643.89,8.0,643.89,2023,Yes
3.0,158.66,7.0,158.66,2023,Yes
2.0,143.82,6.0,143.82,2024,Yes
3.0,379.07,3.0,379.07,2023,Yes
1.0,601.36,1.0,601.36,2024,Yes
2.0,142.08,4.0,142.08,2024,Yes
5.0,530.34,9.0,530.3399999999999,2024,Yes
5.0,364.42,10.0,364.41999999999996,2023,Yes
4.0,578.28,5.0,578.28,2025,Yes
5.0,280.52,7.0,280.52,2025,Yes
5.0,638.92,5.0,638.92,2025,Yes
4.0,412.2,6.0,412.2,2024,Yes
1.0,440.34,2.0,440.34,2025,Yes
1.0,627.15,5.0,627.15,2024,Yes
2.0,605.26,4.0,605.26,2024,Yes
1.0,90.27,5.0,90.27,2024,Yes
5.0,230.77,10.0,230.76999999999998,2025,Yes
5.0,266.78,5.0,266.78000000000003,2023,Yes
1.0,105.92,6.0,105.92,2023,Yes
3.0,589.3,6.0,589.3000000000001,2024,Yes
4.0,649.47,8.0,649.47,2023,Yes
4.0,107.49,5.0,107.49,2024,Yes
3.0,669.06,7.0,669.0600000000001,2023,Yes
3.0,69.65,7.0,69.64999999999999,2023,Yes
4.0,136.83,8.0,136.83,2023,Yes
1.0,304.11,2.0,304.11,2024,Yes
4.0,296.28,5.0,296.28,2024,Yes
1.0,77.64,1.0,77.64,2025,Yes
1.0,243.71,6.0,243.71,2024,Yes
4.0,644.96,7.0,644.96,2024,Yes
5.0,283.73,8.0,283.73,2025,Yes
2.0,629.56,5.0,629.56,2025,Yes
4.0,246.11,4.0,246.11,2023,Yes
2.0,418.26,2.0,418.26,2023,Yes
5.0,127.18,10.0,127.17999999999999,2024,Yes
3.0,586.21,4.0,586.21,2024,Yes
3.0,267.45,5.0,267.45,2024,Yes
4.0,615.65,9.0,615.65,2024,Yes
2.0,113.29,5.0,113.29,2023,Yes
4.0,473.86,7.0,473.86,2024,Yes
3.0,444.75,6.0,444.75,2023,Yes
2.0,183.67,6.0,183.67,2023,Yes
1.0,483.38,6.0,483.38,2023,Yes
5.0,260.93,9.0,260.93,2023,Yes
2.0,253.68,6.0,253.68,2023,Yes
4.0,699.88,5.0,699.88,2025,Yes
5.0,319.97,7.0,319.96999999999997,2023,Yes
4.0,246.91,8.0,246.91,2025,Yes
3.0,392.85,6.0,392.84999999999997,2023,Yes
5.0,420.98,7.0,420.98,2024,Yes
2.0,73.26,4.0,73.26,2024,Yes
3.0,410.88,8.0,410.88000000000005,2023,Yes
2.0,176.46,2.0,176.46,2023,Yes
3.0,659.57,6.0,659.57,2023,Yes
2.0,478.36,3.0,478.36,2024,Yes
4.0,30.05,6.0,30.05,2024,Yes
4.0,300.56,9.0,300.56,2025,Yes
5.0,226.45,6.0,226.45,2024,Yes
2.0,349.4,2.0,349.4,2024,Yes
5.0,268.78,7.0,268.78000000000003,2023,Yes
2.0,680.85,6.0,680.85,2024,Yes
3.0,182.48,3.0,182.48000000000002,2023,Yes
1.0,277.09,2.0,277.09,2024,Yes
2.0,26.5,3.0,26.5,2024,Yes
3.0,315.27,4.0,315.27,2023,Yes
3.0,450.98,8.0,450.98,2025,Yes
5.0,233.67,10.0,233.67,2024,Yes
3.0,367.75,7.0,367.75,2024,Yes
1.0,23.53,2.0,23.53,2025,Yes
1.0,677.48,1.0,677.48,2023,Yes
4.0,554.83,6.0,554.83,2024,Yes
4.0,440.31,6.0,440.31,2023,Yes
1.0,87.06,4.0,87.06,2025,Yes
4.0,245.28,6.0,245.28,2023,Yes
5.0,664.51,8.0,664.51,2023,Yes
1.0,618.68,6.0,618.68,2023,Yes
1.0,370.85,2.0,370.85,2024,Yes
4.0,517.98,8.0,517.98,2024,Yes
4.0,506.11,5.0,506.11,2023,Yes
3.0,413.83,8.0,413.83,2024,Yes
1.0,249.81,1.0,249.81,2023,Yes
3.0,362.53,5.0,362.53,2025,Yes
2.0,299.23,2.0,299.23,2025,Yes
1.0,536.07,5.0,536.07,2023,Yes
4.0,558.9,9.0,558.9,2023,Yes
2.0,409.75,2.0,409.75,2024,Yes
2.0,179.96,5.0,179.96,2025,Yes
1.0,38.49,4.0,38.49,2025,Yes
5.0,316.4,7.0,316.4,2024,Yes
3.0,547.15,4.0,547.15,2024,Yes
4.0,540.34,6.0,540.34,2023,Yes
4.0,73.65,9.0,73.65,2024,Yes
5.0,391.86,6.0,391.86,2024,Yes
5.0,69.7,9.0,69.7,2023,Yes
5.0,26.43,5.0,26.43,2025,Yes
1.0,531.74,1.0,531.74,2023,Yes
2.0,496.62,2.0,496.62,2024,Yes
1.0,660.66,3.0,660.66,2023,Yes
4.0,274.82,9.0,274.82,2023,Yes
2.0,486.35,6.0,486.35,2024,Yes
3.0,428.88,3.0,428.88000000000005,2024,Yes
2.0,412.14,2.0,412.14,2023,Yes
1.0,265.64,3.0,265.64,2024,Yes
2.0,273.43,7.0,273.43,2024,Yes
5.0,131.7,8.0,131.7,2025,Yes
5.0,85.52,5.0,85.52000000000001,2023,Yes
2.0,320.68,5.0,320.68,2024,Yes
4.0,198.81,9.0,198.81,2025,Yes
1.0,355.09,5.0,355.09,2023,Yes
2.0,316.2,2.0,316.2,2023,Yes
1.0,133.39,2.0,133.39,2024,Yes
1.0,454.23,3.0,454.23,2023,Yes
4.0,491.29,6.0,491.29,2024,Yes
2.0,255.14,2.0,255.14,2025,Yes
1.0,392.61,4.0,392.61,2023,Yes
4.0,362.06,4.0,362.06,2024,Yes
1.0,222.73,4.0,222.73,2024,Yes
2.0,552.63,7.0,552.63,2024,Yes
4.0,686.61,6.0,686.61,2023,Yes
3.0,305.16,8.0,305.16,2025,Yes
1.0,41.09,4.0,41.09,2023,Yes
5.0,634.0,8.0,634.0,2024,Yes
5.0,464.74,7.0,464.73999999999995,2023,Yes
4.0,425.6,5.0,425.6,2023,Yes
3.0,573.22,5.0,573.22,2023,Yes
1.0,123.28,3.0,123.28,2024,Yes
1.0,70.82,1.0,70.82,2023,Yes
2.0,646.69,7.0,646.69,2023,Yes
2.0,513.42,5.0,513.42,2023,Yes
4.0,693.07,8.0,693.07,2025,Yes
3.0,491.43,6.0,491.43,2023,Yes
2.0,599.74,2.0,599.74,2025,Yes
2.0,650.25,6.0,650.25,2023,Yes
3.0,209.48,4.0,209.48000000000002,2024,Yes
5.0,209.2,6.0,209.2,2023,Yes
4.0,197.36,9.0,197.36,2023,Yes
4.0,648.91,6.0,648.91,2023,Yes
2.0,441.54,2.0,441.54,2024,Yes
2.0,464.92,2.0,464.92,2025,Yes
5.0,506.45,7.0,506.45,2024,Yes
4.0,255.86,7.0,255.86,2023,Yes
2.0,125.23,3.0,125.23,2024,Yes
5.0,38.11,6.0,38.11,2023,Yes
3.0,161.97,4.0,161.97,2025,Yes
4.0,347.17,8.0,347.17,2024,Yes
4.0,276.32,5.0,276.32,2023,Yes
4.0,314.76,8.0,314.76,2024,Yes
3.0,475.69,3.0,475.69,2024,Yes
1.0,372.8,6.0,372.8,2023,Yes
2.0,63.21,4.0,63.21,2025,Yes
1.0,634.94,5.0,634.94,2023,Yes
4.0,77.47,7.0,77.47,2024,Yes
3.0,84.31,3.0,84.31,2024,Yes
4.0,234.45,9.0,234.45,2023,Yes
1.0,356.81,1.0,356.81,2023,Yes
4.0,209.99,8.0,209.99,2023,Yes
3.0,659.88,3.0,659.88,2023,Yes
2.0,336.32,3.0,336.32,2025,Yes
2.0,531.49,7.0,531.49,2023,Yes
3.0,588.44,8.0,588.4399999999999,2024,Yes
3.0,251.48,4.0,251.48000000000002,2024,Yes
1.0,684.65,1.0,684.65,2024,Yes
1.0,195.86,3.0,195.86,2025,Yes
3.0,50.34,3.0,50.34,2023,Yes
3.0,554.25,6.0,554.25,2023,Yes
4.0,576.87,5.0,576.87,2023,Yes
4.0,408.36,4.0,408.36,2023,Yes
5.0,190.11,7.0,190.10999999999999,2024,Yes
3.0,602.75,6.0,602.75,2025,Yes
3.0,646.79,5.0,646.79,2023,Yes
4.0,418.71,8.0,418.71,2023,Yes
2.0,323.45,5.0,323.45,2025,Yes
1.0,694.5,3.0,694.5,2024,Yes
2.0,337.32,4.0,337.32,2024,Yes
2.0,467.91,5.0,467.91,2024,Yes
4.0,38.28,4.0,38.28,2024,Yes
2.0,73.41,2.0,73.41,2023,Yes
3.0,668.33,4.0,668.33,2023,Yes
4.0,410.21,5.0,410.21,2024,Yes
4.0,294.41,4.0,294.41,2023,Yes
3.0,501.82,4.0,501.82,2025,Yes
2.0,552.83,3.0,552.83,2024,Yes
3.0,498.66,6.0,498.66,2025,Yes
4.0,695.1,8.0,695.1,2024,Yes
1.0,381.61,5.0,381.61,2023,Yes
5.0,507.94,9.0,507.93999999999994,2023,Yes
3.0,571.53,6.0,571.53,2025,Yes
5.0,421.44,5.0,421.43999999999994,2024,Yes
2.0,588.3,2.0,588.3,2025,Yes
1.0,355.15,2.0,355.15,2024,Yes
2.0,695.29,6.0,695.29,2024,Yes
4.0,302.65,8.0,302.65,2023,Yes
2.0,608.04,4.0,608.04,2023,Yes
2.0,344.18,7.0,344.18,2023,Yes
4.0,696.71,4.0,696.71,2024,Yes
3.0,198.63,8.0,198.63,2025,Yes
4.0,534.57,6.0,534.57,2023,Yes
4.0,690.78,9.0,690.78,2023,Yes
3.0,301.55,5.0,301.55,2024,Yes
4.0,27.42,4.0,27.42,2023,Yes
4.0,466.7,8.0,466.7,2024,Yes
1.0,541.64,5.0,541.64,2024,Yes
1.0,11.39,6.0,11.39,2023,Yes
2.0,224.37,3.0,224.37,2025,Yes
3.0,306.29,7.0,306.29,2024,Yes
5.0,315.57,6.0,315.57,2024,Yes
3.0,223.79,3.0,223.79,2023,Yes
3.0,324.47,4.0,324.46999999999997,2023,Yes
2.0,92.87,5.0,92.87,2023,Yes
2.0,331.42,6.0,331.42,2023,Yes
1.0,525.43,2.0,525.43,2024,Yes
2.0,697.19,7.0,697.19,2023,Yes
4.0,518.4,7.0,518.4,2023,Yes
3.0,131.96,8.0,131.96,2025,Yes
1.0,208.36,4.0,208.36,2024,Yes
3.0,222.34,5.0,222.34,2023,Yes
3.0,91.74,8.0,91.74000000000001,2024,Yes
2.0,213.83,2.0,213.83,2023,Yes
1.0,127.55,3.0,127.55,2023,Yes
1.0,70.24,4.0,70.24,2024,Yes
5.0,518.55,6.0,518.55,2023,Yes
4.0,298.36,8.0,298.36,2023,Yes
3.0,158.74,7.0,158.74,2023,Yes
2.0,420.29,3.0,420.29,2025,Yes
1.0,281.52,6.0,281.52,2023,Yes
1.0,204.08,4.0,204.08,2023,Yes
1.0,343.31,6.0,343.31,2024,Yes
1.0,163.32,6.0,163.32,2023,Yes
2.0,184.6,7.0,184.6,2024,Yes
2.0,371.29,5.0,371.29,2023,Yes
5.0,389.22,7.0,389.21999999999997,2024,Yes
3.0,616.39,6.0,616.39,2025,Yes
4.0,376.43,5.0,376.43,2025,Yes
3.0,432.85,4.0,432.84999999999997,2024,Yes
1.0,687.89,1.0,687.89,2025,Yes
3.0,189.44,4.0,189.44000000000003,2023,Yes
1.0,107.04,6.0,107.04,2024,Yes
2.0,662.53,5.0,662.53,2024,Yes
2.0,436.84,2.0,436.84,2023,Yes
4.0,262.52,4.0,262.52,2024,Yes
4.0,560.58,6.0,560.58,2023,Yes
